user_id,user_name,age,gender
1,johndoe,25,M
2,janedoe,22,F
3,alexsmith,30,M
4,sarahlee,28,F
5,liwang,27,M
6,emilykim,24,F
7,danielpatel,29,M
8,sofiasantos,23,F
9,mohamedali,31,M
10,rachelcho,26,F
11,kevinbrown,32,M
12,anushkasharma,29,F
13,robertwilson,33,M
14,elenaivanova,26,F
15,paulwhite,27,M
16,giovanniricci,28,M
17,isabelgarcia,24,F
18,abdullahkhan,29,M
19,mariekeller,27,F
20,hiroshiyamamoto,31,M
21,oliviamartin,23,F
22,henrythomas,34,M
23,clarawilson,28,F
24,georgelee,30,M
25,laurensmith,25,F
26,viktorpetrov,32,M
27,inesrodriguez,27,F
28,peterjohnson,29,M
29,katiewong,24,F
30,liamclark,28,M
31,emmaphillips,22,F
32,brandonlee,31,M
33,angelamartinez,26,F
34,adamscott,30,M
35,sofiabianchi,27,F
36,rahulgupta,29,M
37,chloemoore,23,F
38,ericturner,33,M
39,elizabethkim,24,F
40,samuelallen,31,M
41,graceyoung,25,F
42,nathanroberts,27,M
43,soojinchoi,29,F
44,alexanderdiaz,32,M
45,marinapopov,26,F
46,tommychen,30,M
47,patriciagomez,28,F
48,stephencollins,27,M
49,danielamiller,22,F
50,miketyler,29,M
51,sonalisingh,24,F
52,leewalker,28,M
53,camilledupont,26,F
54,justinbaker,31,M
55,carlarossi,23,F